{
    "name": "root",
    "gauges": {
        "MaintainFlow.Policy.Entropy.mean": {
            "value": 0.1469850093126297,
            "min": 0.041928231716156006,
            "max": 0.8982986807823181,
            "count": 9
        },
        "MaintainFlow.Environment.EpisodeLength.mean": {
            "value": 71.76368876080691,
            "min": 6.304079835632521,
            "max": 125.69478908188586,
            "count": 9
        },
        "MaintainFlow.Policy.ExtrinsicValueEstimate.mean": {
            "value": 5.340295314788818,
            "min": -28.6033935546875,
            "max": 8.562460899353027,
            "count": 9
        },
        "MaintainFlow.Environment.CumulativeReward.mean": {
            "value": 13.990790191138986,
            "min": -1.326310465845515,
            "max": 28.95998253869773,
            "count": 9
        },
        "MaintainFlow.Policy.ExtrinsicReward.mean": {
            "value": 13.990790191138986,
            "min": -1.326310465845515,
            "max": 28.95998253869773,
            "count": 9
        },
        "MaintainFlow.Losses.PolicyLoss.mean": {
            "value": 0.02438400490519901,
            "min": 0.021944781470422944,
            "max": 0.027643655182328076,
            "count": 9
        },
        "MaintainFlow.Losses.ValueLoss.mean": {
            "value": 4.349154513676962,
            "min": 0.8337852597236634,
            "max": 1063.6718578338623,
            "count": 9
        },
        "MaintainFlow.Policy.LearningRate.mean": {
            "value": 4.6132044622679986e-05,
            "min": 4.6132044622679986e-05,
            "max": 0.00028461045512985,
            "count": 9
        },
        "MaintainFlow.Policy.Epsilon.mean": {
            "value": 0.11537732000000003,
            "min": 0.11537732000000003,
            "max": 0.19487015,
            "count": 9
        },
        "MaintainFlow.Policy.Beta.mean": {
            "value": 0.0007773282679999999,
            "min": 0.0007773282679999999,
            "max": 0.004744020485,
            "count": 9
        },
        "MaintainFlow.IsTraining.mean": {
            "value": 1.0,
            "min": 1.0,
            "max": 1.0,
            "count": 9
        }
    },
    "metadata": {
        "timer_format_version": "0.1.0",
        "start_time_seconds": "1655893662",
        "python_version": "3.7.9 (tags/v3.7.9:13c94747c7, Aug 17 2020, 18:58:18) [MSC v.1900 64 bit (AMD64)]",
        "command_line_arguments": "D:\\University\\Masters\\GAM705\\Assignments\\Artefact repo\\GAM705_Artefact_Repo\\venv\\Scripts\\mlagents-learn --run-id=test24",
        "mlagents_version": "0.22.0",
        "mlagents_envs_version": "0.22.0",
        "communication_protocol_version": "1.2.0",
        "pytorch_version": "1.7.0+cu110",
        "numpy_version": "1.18.5",
        "end_time_seconds": "1655894038"
    },
    "total": 375.5599324,
    "count": 1,
    "self": 0.034110199999986435,
    "children": {
        "run_training.setup": {
            "total": 0.007853800000000022,
            "count": 1,
            "self": 0.007853800000000022
        },
        "TrainerController.start_learning": {
            "total": 375.5179684,
            "count": 1,
            "self": 1.0699136000027352,
            "children": {
                "TrainerController._reset_env": {
                    "total": 6.8172552,
                    "count": 1,
                    "self": 6.8172552
                },
                "TrainerController.advance": {
                    "total": 367.5199872999973,
                    "count": 47231,
                    "self": 0.5839295000016023,
                    "children": {
                        "env_step": {
                            "total": 366.9360577999957,
                            "count": 47231,
                            "self": 230.8209490999904,
                            "children": {
                                "SubprocessEnvManager._take_step": {
                                    "total": 135.56321299999837,
                                    "count": 47231,
                                    "self": 2.2394043999976816,
                                    "children": {
                                        "TorchPolicy.evaluate": {
                                            "total": 133.3238086000007,
                                            "count": 41237,
                                            "self": 33.87865260000058,
                                            "children": {
                                                "TorchPolicy.sample_actions": {
                                                    "total": 99.44515600000011,
                                                    "count": 41237,
                                                    "self": 99.44515600000011
                                                }
                                            }
                                        }
                                    }
                                },
                                "workers": {
                                    "total": 0.551895700006936,
                                    "count": 47230,
                                    "self": 0.0,
                                    "children": {
                                        "worker_root": {
                                            "total": 368.86744100000186,
                                            "count": 47230,
                                            "is_parallel": true,
                                            "self": 207.81266080000432,
                                            "children": {
                                                "steps_from_proto": {
                                                    "total": 0.00036300000000011323,
                                                    "count": 1,
                                                    "is_parallel": true,
                                                    "self": 0.00016339999999992472,
                                                    "children": {
                                                        "_process_vector_observation": {
                                                            "total": 0.00019960000000018852,
                                                            "count": 2,
                                                            "is_parallel": true,
                                                            "self": 0.00019960000000018852
                                                        }
                                                    }
                                                },
                                                "UnityEnvironment.step": {
                                                    "total": 161.05441719999754,
                                                    "count": 47230,
                                                    "is_parallel": true,
                                                    "self": 4.610566100004803,
                                                    "children": {
                                                        "UnityEnvironment._generate_step_input": {
                                                            "total": 5.191636300000482,
                                                            "count": 47230,
                                                            "is_parallel": true,
                                                            "self": 5.191636300000482
                                                        },
                                                        "communicator.exchange": {
                                                            "total": 138.32199089999878,
                                                            "count": 47230,