{
    "name": "root",
    "gauges": {
        "MaintainFlow.Policy.Entropy.mean": {
            "value": 0.7498347163200378,
            "min": 0.7498347163200378,
            "max": 1.6430251598358154,
            "count": 10
        },
        "MaintainFlow.Environment.EpisodeLength.mean": {
            "value": 3.9139150943396226,
            "min": 3.9139150943396226,
            "max": 6.312902282036278,
            "count": 10
        },
        "MaintainFlow.Policy.ExtrinsicValueEstimate.mean": {
            "value": 0.34295788407325745,
            "min": -8.205390930175781,
            "max": 0.34295788407325745,
            "count": 10
        },
        "MaintainFlow.Environment.CumulativeReward.mean": {
            "value": 0.36387184531415934,
            "min": 0.011865742332442319,
            "max": 0.36387184531415934,
            "count": 10
        },
        "MaintainFlow.Policy.ExtrinsicReward.mean": {
            "value": 0.36387184531415934,
            "min": 0.011865742332442319,
            "max": 0.36387184531415934,
            "count": 10
        },
        "MaintainFlow.Losses.PolicyLoss.mean": {
            "value": 0.02367603307124227,
            "min": 0.021054640278841057,
            "max": 0.027004691469483078,
            "count": 10
        },
        "MaintainFlow.Losses.ValueLoss.mean": {
            "value": 0.13218970482548079,
            "min": 0.13218970482548079,
            "max": 64.20910201072692,
            "count": 10
        },
        "MaintainFlow.Policy.LearningRate.mean": {
            "value": 1.6492774502440003e-05,
            "min": 1.6492774502440003e-05,
            "max": 0.00028456575514475,
            "count": 10
        },
        "MaintainFlow.Policy.Epsilon.mean": {
            "value": 0.10549755999999999,
            "min": 0.10549755999999999,
            "max": 0.19485525,
            "count": 10
        },
        "MaintainFlow.Policy.Beta.mean": {
            "value": 0.00028432824400000014,
            "min": 0.00028432824400000014,
            "max": 0.004743276975,
            "count": 10
        },
        "MaintainFlow.IsTraining.mean": {
            "value": 1.0,
            "min": 1.0,
            "max": 1.0,
            "count": 10
        }
    },
    "metadata": {
        "timer_format_version": "0.1.0",
        "start_time_seconds": "1658137438",
        "python_version": "3.7.9 (tags/v3.7.9:13c94747c7, Aug 17 2020, 18:58:18) [MSC v.1900 64 bit (AMD64)]",
        "command_line_arguments": "D:\\University\\Masters\\GAM705\\Assignments\\Artefact repo\\GAM705_Artefact_Repo\\venv\\Scripts\\mlagents-learn --run-id=test44",
        "mlagents_version": "0.22.0",
        "mlagents_envs_version": "0.22.0",
        "communication_protocol_version": "1.2.0",
        "pytorch_version": "1.7.0+cu110",
        "numpy_version": "1.18.5",
        "end_time_seconds": "1658137896"
    },
    "total": 457.73428299999995,
    "count": 1,
    "self": 1.1730922999999507,
    "children": {
        "run_training.setup": {
            "total": 0.04147269999999992,
            "count": 1,
            "self": 0.04147269999999992
        },
        "TrainerController.start_learning": {
            "total": 456.519718,
            "count": 1,
            "self": 1.198123699997609,
            "children": {
                "TrainerController._reset_env": {
                    "total": 37.4597073,
                    "count": 1,
                    "self": 37.4597073
                },
                "TrainerController.advance": {
                    "total": 417.6619718000024,
                    "count": 53139,
                    "self": 0.6317785000022695,
                    "children": {
                        "env_step": {
                            "total": 417.0301933000001,
                            "count": 53139,
                            "self": 266.4828101000022,
                            "children": {
                                "SubprocessEnvManager._take_step": {
                                    "total": 149.9136671999995,
                                    "count": 53139,
                                    "self": 2.2443210999987,
                                    "children": {
                                        "TorchPolicy.evaluate": {
                                            "total": 147.6693461000008,
                                            "count": 41677,
                                            "self": 34.344927599995174,
                                            "children": {
                                                "TorchPolicy.sample_actions": {
                                                    "total": 113.32441850000563,
                                                    "count": 41677,
                                                    "self": 113.32441850000563
                                                }
                                            }
                                        }
                                    }
                                },
                                "workers": {
                                    "total": 0.6337159999984294,
                                    "count": 53139,
                                    "self": 0.0,
                                    "children": {
                                        "worker_root": {
                                            "total": 448.51338139999734,
                                            "count": 53139,
                                            "is_parallel": true,
                                            "self": 269.3728563000045,
                                            "children": {
                                                "steps_from_proto": {
                                                    "total": 0.0004962000000006128,
                                                    "count": 1,
                                                    "is_parallel": true,
                                                    "self": 0.0002322000000019031,
                                                    "children": {
                                                        "_process_vector_observation": {
                                                            "total": 0.0002639999999987097,
                                                            "count": 2,
                                                            "is_parallel": true,
                                                            "self": 0.0002639999999987097
                                                        }
                                                    }
                                                },
                                                "UnityEnvironment.step": {
                                                    "total": 179.1400288999928,
                                                    "count": 53139,
                                                    "is_parallel": true,
                                                    "self": 5.174430100002525,
                                                    "children": {
                                                        "UnityEnvironment._generate_step_input": {
                                                            "total": 5.256975499999356,
                                                            "count": 53139,
                                                            "is_parallel": true,
                                                            "self": 5.256975499999356
                                                        },
                                                        "communicator.exchange": {
                                                            "total": 154.87239790000004,
                                                            "count": 53139,