{
    "name": "root",
    "metadata": {
        "timer_format_version": "0.1.0",
        "start_time_seconds": "1655461687",
        "python_version": "3.7.9 (tags/v3.7.9:13c94747c7, Aug 17 2020, 18:58:18) [MSC v.1900 64 bit (AMD64)]",
        "command_line_arguments": "D:\\University\\Masters\\GAM705\\Assignments\\Artefact repo\\GAM705_Artefact_Repo\\venv\\Scripts\\mlagents-learn --run-id=test18",
        "mlagents_version": "0.22.0",
        "mlagents_envs_version": "0.22.0",
        "communication_protocol_version": "1.2.0",
        "pytorch_version": "1.7.0+cu110",
        "numpy_version": "1.18.5",
        "end_time_seconds": "1655461850"
    },
    "total": 163.1793489,
    "count": 1,
    "self": 0.06165139999998814,
    "children": {
        "run_training.setup": {
            "total": 0.008156000000000052,
            "count": 1,
            "self": 0.008156000000000052
        },
        "TrainerController.start_learning": {
            "total": 163.1095415,
            "count": 1,
            "self": 0.5970804000012322,
            "children": {
                "TrainerController._reset_env": {
                    "total": 13.9909928,
                    "count": 1,
                    "self": 13.9909928
                },
                "TrainerController.advance": {
                    "total": 145.79190919999877,
                    "count": 27496,
                    "self": 0.3070434999999918,
                    "children": {
                        "env_step": {
                            "total": 145.48486569999878,
                            "count": 27496,
                            "self": 89.55040549999804,
                            "children": {
                                "SubprocessEnvManager._take_step": {
                                    "total": 55.63492929999929,
                                    "count": 27496,
                                    "self": 1.0163349999978308,
                                    "children": {
                                        "TorchPolicy.evaluate": {
                                            "total": 54.61859430000146,
                                            "count": 21157,
                                            "self": 13.948627999999772,
                                            "children": {
                                                "TorchPolicy.sample_actions": {
                                                    "total": 40.66996630000169,
                                                    "count": 21157,
                                                    "self": 40.66996630000169
                                                }
                                            }
                                        }
                                    }
                                },
                                "workers": {
                                    "total": 0.29953090000144833,
                                    "count": 27495,
                                    "self": 0.0,
                                    "children": {
                                        "worker_root": {
                                            "total": 147.09853779999847,
                                            "count": 27495,
                                            "is_parallel": true,
                                            "self": 80.2789796999993,
                                            "children": {
                                                "steps_from_proto": {
                                                    "total": 0.00030579999999957863,
                                                    "count": 1,
                                                    "is_parallel": true,
                                                    "self": 0.00016029999999922495,
                                                    "children": {
                                                        "_process_vector_observation": {
                                                            "total": 0.00014550000000035368,
                                                            "count": 2,
                                                            "is_parallel": true,
                                                            "self": 0.00014550000000035368
                                                        }
                                                    }
                                                },
                                                "UnityEnvironment.step": {
                                                    "total": 66.81925229999916,
                                                    "count": 27495,
                                                    "is_parallel": true,
                                                    "self": 1.9395619000000437,
                                                    "children": {
                                                        "UnityEnvironment._generate_step_input": {
                                                            "total": 1.3859589000007322,
                                                            "count": 27495,
                                                            "is_parallel": true,
                                                            "self": 1.3859589000007322
                                                        },
                                                        "communicator.exchange": {
                                                            "total": 58.36750350000032,
                                                            "count": 27495,
                                                            "is_parallel": true,
                                                            "self": 58.36750350000032
                                                        },
                                                        "steps_from_proto": {
                                                            "total": 5.126227999998074,
                                                            "count": 27495,
                                                            "is_parallel": true,
                                                            "self": 2.9586184999978933,
                                                            "children": {
                                                                "_process_vector_observation": {
                                                                    "total": 2.1676095000001805,
                                                                    "count": 54990,
                                                                    "is_parallel": true,
                                                                    "self": 2.1676095000001805
                                                                }
                                                            }
                                                        }
                                                    }
                                                }
                                            }
                                        }
                                    }
                                }
                            }
                        }
                    }
                },
                "trainer_threads": {
                    "total": 2.6999999988674972e-05,
                    "count": 1,
                    "self": 2.6999999988674972e-05,
                    "children": {
                        "thread_root": {
                            "total": 0.0,
                            "count": 0,
                            "is_parallel": true,
                            "self": 0.0,