{
    "MaintainFlow": {
        "checkpoints": [
            {
                "steps": 267402,
                "file_path": "results\\test32\\MaintainFlow\\MaintainFlow-267402.onnx",
                "reward": -0.227027028799057,
                "creation_time": 1655910269.4645061
            },
            {
                "steps": 421398,
                "file_path": "results\\test32\\MaintainFlow\\MaintainFlow-421398.onnx",
                "reward": 0.0,
                "creation_time": 1655910463.1410012
            },
            {
                "steps": 499996,
                "file_path": "results\\test32\\MaintainFlow\\MaintainFlow-499996.onnx",
                "reward": -0.8969864652458885,
                "creation_time": 1655910629.9391918
            },
            {
                "steps": 500071,
                "file_path": "results\\test32\\MaintainFlow\\MaintainFlow-500071.onnx",
                "reward": -0.8903264767313522,
                "creation_time": 1655910630.0280564
            }
        ],
        "final_checkpoint": {
            "steps": 500071,
            "file_path": "results\\test32\\MaintainFlow.onnx",
            "reward": -0.8903264767313522,
            "creation_time": 1655910630.0280564
        }
    },
    "metadata": {
        "stats_format_version": "0.2.0",
        "mlagents_version": "0.22.0",
        "torch_version": "1.7.0+cu110",
        "tensorflow_version": -1
    }
}