{
    "name": "root",
    "metadata": {
        "timer_format_version": "0.1.0",
        "start_time_seconds": "1655914467",
        "python_version": "3.7.9 (tags/v3.7.9:13c94747c7, Aug 17 2020, 18:58:18) [MSC v.1900 64 bit (AMD64)]",
        "command_line_arguments": "D:\\University\\Masters\\GAM705\\Assignments\\Artefact repo\\GAM705_Artefact_Repo\\venv\\Scripts\\mlagents-learn --resume --run-id=test37",
        "mlagents_version": "0.22.0",
        "mlagents_envs_version": "0.22.0",
        "communication_protocol_version": "1.2.0",
        "pytorch_version": "1.7.0+cu110",
        "numpy_version": "1.18.5",
        "end_time_seconds": "1655914473"
    },
    "total": 6.4843762,
    "count": 1,
    "self": 0.10789889999999946,
    "children": {
        "run_training.setup": {
            "total": 0.029617299999999958,
            "count": 1,
            "self": 0.029617299999999958
        },
        "TrainerController.start_learning": {
            "total": 6.34686,
            "count": 1,
            "self": 0.008837300000003268,
            "children": {
                "TrainerController._reset_env": {
                    "total": 5.951363699999999,
                    "count": 1,
                    "self": 5.951363699999999
                },
                "trainer_threads": {
                    "total": 4.029999999843881e-05,
                    "count": 1,
                    "self": 4.029999999843881e-05,
                    "children": {
                        "thread_root": {
                            "total": 0.0,
                            "count": 0,
                            "is_parallel": true,
                            "self": 0.0,
                            "children": {
                                "trainer_advance": {
                                    "total": 0.00875729999999919,
                                    "count": 1,
                                    "is_parallel": true,
                                    "self": 6.609999999973581e-05,
                                    "children": {
                                        "process_trajectory": {
                                            "total": 0.008691199999999455,
                                            "count": 1,
                                            "is_parallel": true,
                                            "self": 0.008691199999999455
                                        }
                                    }
                                }
                            }
                        }
                    }
                },
                "TrainerController._save_models": {
                    "total": 0.38661869999999965,
                    "count": 1,
                    "self": 0.008393199999998657,
                    "children": {
                        "RLTrainer._checkpoint": {
                            "total": 0.378225500000001,
                            "count": 1,
                            "self": 0.378225500000001
                        }
                    }
                }
            }
        }
    }
}