{
    "name": "root",
    "gauges": {
        "MaintainFlow.Policy.Entropy.mean": {
            "value": 0.07944763451814651,
            "min": 0.07944763451814651,
            "max": 1.7957550287246704,
            "count": 10
        },
        "MaintainFlow.Environment.EpisodeLength.mean": {
            "value": 2.507691227084358,
            "min": 2.507691227084358,
            "max": 5.951839000693963,
            "count": 10
        },
        "MaintainFlow.Policy.ExtrinsicValueEstimate.mean": {
            "value": -0.02964549884200096,
            "min": -10.860934257507324,
            "max": 0.07771363854408264,
            "count": 10
        },
        "MaintainFlow.Environment.CumulativeReward.mean": {
            "value": -0.02577493823076272,
            "min": -0.0602248792145409,
            "max": 0.1355666627677245,
            "count": 10
        },
        "MaintainFlow.Policy.ExtrinsicReward.mean": {
            "value": -0.02577493823076272,
            "min": -0.0602248792145409,
            "max": 0.1355666627677245,
            "count": 10
        },
        "MaintainFlow.Losses.PolicyLoss.mean": {
            "value": 0.02658855860431989,
            "min": 0.021799083633037904,
            "max": 0.02658855860431989,
            "count": 10
        },
        "MaintainFlow.Losses.ValueLoss.mean": {
            "value": 0.055261973198503254,
            "min": 0.055261973198503254,
            "max": 167.02534301280974,
            "count": 10
        },
        "MaintainFlow.Policy.LearningRate.mean": {
            "value": 1.6598014467360008e-05,
            "min": 1.6598014467360008e-05,
            "max": 0.00028457355514214996,
            "count": 10
        },
        "MaintainFlow.Policy.Epsilon.mean": {
            "value": 0.10553264000000002,
            "min": 0.10553264000000002,
            "max": 0.19485785,
            "count": 10
        },
        "MaintainFlow.Policy.Beta.mean": {
            "value": 0.00028607873600000014,
            "min": 0.00028607873600000014,
            "max": 0.0047434067150000005,
            "count": 10
        },
        "MaintainFlow.IsTraining.mean": {
            "value": 1.0,
            "min": 1.0,
            "max": 1.0,
            "count": 10
        }
    },
    "metadata": {
        "timer_format_version": "0.1.0",
        "start_time_seconds": "1658148803",
        "python_version": "3.7.9 (tags/v3.7.9:13c94747c7, Aug 17 2020, 18:58:18) [MSC v.1900 64 bit (AMD64)]",
        "command_line_arguments": "D:\\University\\Masters\\GAM705\\Assignments\\Artefact repo\\GAM705_Artefact_Repo\\venv\\Scripts\\mlagents-learn --run-id=test46",
        "mlagents_version": "0.22.0",
        "mlagents_envs_version": "0.22.0",
        "communication_protocol_version": "1.2.0",
        "pytorch_version": "1.7.0+cu110",
        "numpy_version": "1.18.5",
        "end_time_seconds": "1658149248"
    },
    "total": 444.7062956,
    "count": 1,
    "self": 1.0833310999999526,
    "children": {
        "run_training.setup": {
            "total": 0.0515365999999986,
            "count": 1,
            "self": 0.0515365999999986
        },
        "TrainerController.start_learning": {
            "total": 443.5714279,
            "count": 1,
            "self": 1.2136776000083955,
            "children": {
                "TrainerController._reset_env": {
                    "total": 19.537954300000003,
                    "count": 1,
                    "self": 19.537954300000003
                },
                "TrainerController.advance": {
                    "total": 422.70030659999156,
                    "count": 53613,
                    "self": 0.6459313999906158,
                    "children": {
                        "env_step": {
                            "total": 422.05437520000095,
                            "count": 53613,
                            "self": 264.30962120000015,
                            "children": {
                                "SubprocessEnvManager._take_step": {
                                    "total": 157.11919610000515,
                                    "count": 53613,
                                    "self": 2.2942740000051742,
                                    "children": {
                                        "TorchPolicy.evaluate": {
                                            "total": 154.82492209999998,
                                            "count": 41674,
                                            "self": 35.031830299998006,
                                            "children": {
                                                "TorchPolicy.sample_actions": {
                                                    "total": 119.79309180000197,
                                                    "count": 41674,
                                                    "self": 119.79309180000197
                                                }
                                            }
                                        }
                                    }
                                },
                                "workers": {
                                    "total": 0.6255578999956128,
                                    "count": 53613,
                                    "self": 0.0,
                                    "children": {
                                        "worker_root": {
                                            "total": 436.5556192999998,
                                            "count": 53613,
                                            "is_parallel": true,
                                            "self": 261.73583189999874,
                                            "children": {
                                                "steps_from_proto": {
                                                    "total": 0.0005615999999992738,
                                                    "count": 1,
                                                    "is_parallel": true,
                                                    "self": 0.00022159999999882274,
                                                    "children": {
                                                        "_process_vector_observation": {
                                                            "total": 0.00034000000000045105,
                                                            "count": 2,
                                                            "is_parallel": true,
                                                            "self": 0.00034000000000045105
                                                        }
                                                    }
                                                },
                                                "UnityEnvironment.step": {
                                                    "total": 174.81922580000105,
                                                    "count": 53613,
                                                    "is_parallel": true,
                                                    "self": 5.2330226000109406,
                                                    "children": {
                                                        "UnityEnvironment._generate_step_input": {
                                                            "total": 5.250850199992801,
                                                            "count": 53613,
                                                            "is_parallel": true,
                                                            "self": 5.250850199992801
                                                        },
                                                        "communicator.exchange": {
                                                            "total": 149.98799159999555,
                                                            "count": 53613,