{
    "name": "root",
    "metadata": {
        "timer_format_version": "0.1.0",
        "start_time_seconds": "1655887597",
        "python_version": "3.7.9 (tags/v3.7.9:13c94747c7, Aug 17 2020, 18:58:18) [MSC v.1900 64 bit (AMD64)]",
        "command_line_arguments": "D:\\University\\Masters\\GAM705\\Assignments\\Artefact repo\\GAM705_Artefact_Repo\\venv\\Scripts\\mlagents-learn --resume --run-id=test20",
        "mlagents_version": "0.22.0",
        "mlagents_envs_version": "0.22.0",
        "communication_protocol_version": "1.2.0",
        "pytorch_version": "1.7.0+cu110",
        "numpy_version": "1.18.5",
        "end_time_seconds": "1655887604"
    },
    "total": 7.040951499999999,
    "count": 1,
    "self": 0.11843580000000031,
    "children": {
        "run_training.setup": {
            "total": 0.011148999999999964,
            "count": 1,
            "self": 0.011148999999999964
        },
        "TrainerController.start_learning": {
            "total": 6.911366699999999,
            "count": 1,
            "self": 0.007793900000000242,
            "children": {
                "TrainerController._reset_env": {
                    "total": 6.5377049,
                    "count": 1,
                    "self": 6.5377049
                },
                "trainer_threads": {
                    "total": 2.7199999999893976e-05,
                    "count": 1,
                    "self": 2.7199999999893976e-05,
                    "children": {
                        "thread_root": {
                            "total": 0.0,
                            "count": 0,
                            "is_parallel": true,
                            "self": 0.0,
                            "children": {
                                "trainer_advance": {
                                    "total": 0.007666899999999366,
                                    "count": 1,
                                    "is_parallel": true,
                                    "self": 3.729999999979583e-05,
                                    "children": {
                                        "process_trajectory": {
                                            "total": 0.00762959999999957,
                                            "count": 1,
                                            "is_parallel": true,
                                            "self": 0.00762959999999957
                                        }
                                    }
                                }
                            }
                        }
                    }
                },
                "TrainerController._save_models": {
                    "total": 0.3658406999999997,
                    "count": 1,
                    "self": 0.006099099999999247,
                    "children": {
                        "RLTrainer._checkpoint": {
                            "total": 0.35974160000000044,
                            "count": 1,
                            "self": 0.35974160000000044
                        }
                    }
                }
            }
        }
    }
}