{
    "name": "root",
    "metadata": {
        "timer_format_version": "0.1.0",
        "start_time_seconds": "1655461620",
        "python_version": "3.7.9 (tags/v3.7.9:13c94747c7, Aug 17 2020, 18:58:18) [MSC v.1900 64 bit (AMD64)]",
        "command_line_arguments": "D:\\University\\Masters\\GAM705\\Assignments\\Artefact repo\\GAM705_Artefact_Repo\\venv\\Scripts\\mlagents-learn --run-id=test17",
        "mlagents_version": "0.22.0",
        "mlagents_envs_version": "0.22.0",
        "communication_protocol_version": "1.2.0",
        "pytorch_version": "1.7.0+cu110",
        "numpy_version": "1.18.5",
        "end_time_seconds": "1655461675"
    },
    "total": 54.967668200000006,
    "count": 1,
    "self": 0.003079500000005453,
    "children": {
        "run_training.setup": {
            "total": 0.00814999999999999,
            "count": 1,
            "self": 0.00814999999999999
        },
        "TrainerController.start_learning": {
            "total": 54.9564387,
            "count": 1,
            "self": 0.11982649999988837,
            "children": {
                "TrainerController._reset_env": {
                    "total": 14.8634355,
                    "count": 1,
                    "self": 14.8634355
                },
                "TrainerController.advance": {
                    "total": 39.109268100000115,
                    "count": 5321,
                    "self": 0.05813639999982456,
                    "children": {
                        "env_step": {
                            "total": 39.05113170000029,
                            "count": 5321,
                            "self": 26.389904800000345,
                            "children": {
                                "SubprocessEnvManager._take_step": {
                                    "total": 12.605653800000061,
                                    "count": 5321,
                                    "self": 0.19837040000001593,
                                    "children": {
                                        "TorchPolicy.evaluate": {
                                            "total": 12.407283400000045,
                                            "count": 4094,
                                            "self": 2.7053939000001765,
                                            "children": {
                                                "TorchPolicy.sample_actions": {
                                                    "total": 9.701889499999869,
                                                    "count": 4094,
                                                    "self": 9.701889499999869
                                                }
                                            }
                                        }
                                    }
                                },
                                "workers": {
                                    "total": 0.05557309999988291,
                                    "count": 5320,
                                    "self": 0.0,
                                    "children": {
                                        "worker_root": {
                                            "total": 40.51164329999966,
                                            "count": 5320,
                                            "is_parallel": true,
                                            "self": 17.9718166999995,
                                            "children": {
                                                "steps_from_proto": {
                                                    "total": 0.00030869999999971753,
                                                    "count": 1,
                                                    "is_parallel": true,
                                                    "self": 0.00016569999999838103,
                                                    "children": {
                                                        "_process_vector_observation": {
                                                            "total": 0.0001430000000013365,
                                                            "count": 2,
                                                            "is_parallel": true,
                                                            "self": 0.0001430000000013365
                                                        }
                                                    }
                                                },
                                                "UnityEnvironment.step": {
                                                    "total": 22.53951790000016,
                                                    "count": 5320,
                                                    "is_parallel": true,
                                                    "self": 0.3758744000001286,
                                                    "children": {
                                                        "UnityEnvironment._generate_step_input": {
                                                            "total": 0.2716890000001122,
                                                            "count": 5320,
                                                            "is_parallel": true,
                                                            "self": 0.2716890000001122
                                                        },
                                                        "communicator.exchange": {
                                                            "total": 20.89538369999996,
                                                            "count": 5320,
                                                            "is_parallel": true,
                                                            "self": 20.89538369999996
                                                        },
                                                        "steps_from_proto": {
                                                            "total": 0.996570799999958,
                                                            "count": 5320,
                                                            "is_parallel": true,
                                                            "self": 0.571514600000242,
                                                            "children": {
                                                                "_process_vector_observation": {
                                                                    "total": 0.425056199999716,
                                                                    "count": 10640,
                                                                    "is_parallel": true,
                                                                    "self": 0.425056199999716
                                                                }
                                                            }
                                                        }
                                                    }
                                                }
                                            }
                                        }
                                    }
                                }
                            }
                        }
                    }
                },
                "trainer_threads": {
                    "total": 2.5399999998398926e-05,
                    "count": 1,
                    "self": 2.5399999998398926e-05,
                    "children": {
                        "thread_root": {
                            "total": 0.0,
                            "count": 0,
                            "is_parallel": true,
                            "self": 0.0,
                            "children": {
                                "trainer_advance": {
                                    "total": 39.17346989999979,