{
    "name": "root",
    "gauges": {
        "MaintainFlow.Policy.Entropy.mean": {
            "value": 0.398829847574234,
            "min": 0.3947475850582123,
            "max": 0.7035399675369263,
            "count": 10
        },
        "MaintainFlow.Environment.EpisodeLength.mean": {
            "value": 8.020396437805228,
            "min": 3.8499432140829075,
            "max": 17.14028644876974,
            "count": 10
        },
        "MaintainFlow.Policy.ExtrinsicValueEstimate.mean": {
            "value": 1.8191677331924438,
            "min": 1.8191677331924438,
            "max": 66.36406707763672,
            "count": 10
        },
        "MaintainFlow.Environment.CumulativeReward.mean": {
            "value": 0.829169249450717,
            "min": -0.07629376272086615,
            "max": 1.1865413232135633,
            "count": 10
        },
        "MaintainFlow.Policy.ExtrinsicReward.mean": {
            "value": 0.829169249450717,
            "min": -0.07629376272086615,
            "max": 1.1865413232135633,
            "count": 10
        },
        "MaintainFlow.Losses.PolicyLoss.mean": {
            "value": 0.0213330322302257,
            "min": 0.0213330322302257,
            "max": 0.028225170304843533,
            "count": 10
        },
        "MaintainFlow.Losses.ValueLoss.mean": {
            "value": 3.1728438838322957,
            "min": 3.1728438838322957,
            "max": 1284.5011731465656,
            "count": 10
        },
        "MaintainFlow.Policy.LearningRate.mean": {
            "value": 1.6347934550719995e-05,
            "min": 1.6347934550719995e-05,
            "max": 0.00028449825516725,
            "count": 10
        },
        "MaintainFlow.Policy.Epsilon.mean": {
            "value": 0.10544928,
            "min": 0.10544928,
            "max": 0.19483275,
            "count": 10
        },
        "MaintainFlow.Policy.Beta.mean": {
            "value": 0.000281919072,
            "min": 0.000281919072,
            "max": 0.004742154225,
            "count": 10
        },
        "MaintainFlow.IsTraining.mean": {
            "value": 1.0,
            "min": 1.0,
            "max": 1.0,
            "count": 10
        }
    },
    "metadata": {
        "timer_format_version": "0.1.0",
        "start_time_seconds": "1655915052",
        "python_version": "3.7.9 (tags/v3.7.9:13c94747c7, Aug 17 2020, 18:58:18) [MSC v.1900 64 bit (AMD64)]",
        "command_line_arguments": "D:\\University\\Masters\\GAM705\\Assignments\\Artefact repo\\GAM705_Artefact_Repo\\venv\\Scripts\\mlagents-learn --run-id=test39",
        "mlagents_version": "0.22.0",
        "mlagents_envs_version": "0.22.0",
        "communication_protocol_version": "1.2.0",
        "pytorch_version": "1.7.0+cu110",
        "numpy_version": "1.18.5",
        "end_time_seconds": "1655915455"
    },
    "total": 402.9540187,
    "count": 1,
    "self": 0.11280429999999342,
    "children": {
        "run_training.setup": {
            "total": 0.02824710000000008,
            "count": 1,
            "self": 0.02824710000000008
        },
        "TrainerController.start_learning": {
            "total": 402.8129673,
            "count": 1,
            "self": 1.166444499999443,
            "children": {
                "TrainerController._reset_env": {
                    "total": 7.90934,
                    "count": 1,
                    "self": 7.90934
                },
                "TrainerController.advance": {
                    "total": 393.6556853000005,
                    "count": 53174,
                    "self": 0.6321850999996173,
                    "children": {
                        "env_step": {
                            "total": 393.0235002000009,
                            "count": 53174,
                            "self": 251.10637809999912,
                            "children": {
                                "SubprocessEnvManager._take_step": {
                                    "total": 141.29453880000187,
                                    "count": 53174,
                                    "self": 2.27999899999719,
                                    "children": {
                                        "TorchPolicy.evaluate": {
                                            "total": 139.01453980000468,
                                            "count": 41690,
                                            "self": 32.66556880000395,
                                            "children": {
                                                "TorchPolicy.sample_actions": {
                                                    "total": 106.34897100000073,
                                                    "count": 41690,
                                                    "self": 106.34897100000073
                                                }
                                            }
                                        }
                                    }
                                },
                                "workers": {
                                    "total": 0.6225832999999099,
                                    "count": 53174,
                                    "self": 0.0,
                                    "children": {
                                        "worker_root": {
                                            "total": 394.9882201000025,
                                            "count": 53174,
                                            "is_parallel": true,
                                            "self": 225.9684480000048,
                                            "children": {
                                                "steps_from_proto": {
                                                    "total": 0.0005771999999995003,
                                                    "count": 1,
                                                    "is_parallel": true,
                                                    "self": 0.0001980000000001425,
                                                    "children": {
                                                        "_process_vector_observation": {
                                                            "total": 0.00037919999999935783,
                                                            "count": 2,
                                                            "is_parallel": true,
                                                            "self": 0.00037919999999935783
                                                        }
                                                    }
                                                },
                                                "UnityEnvironment.step": {
                                                    "total": 169.01919489999767,
                                                    "count": 53174,
                                                    "is_parallel": true,
                                                    "self": 4.984046500008674,
                                                    "children": {
                                                        "UnityEnvironment._generate_step_input": {
                                                            "total": 5.217582699996395,
                                                            "count": 53174,
                                                            "is_parallel": true,
                                                            "self": 5.217582699996395
                                                        },
                                                        "communicator.exchange": {
                                                            "total": 144.56238919999288,
                                                            "count": 53174,
                                                            "is_parallel": true,