{
    "name": "root",
    "gauges": {
        "MaintainFlow.Policy.Entropy.mean": {
            "value": 1.0680816173553467,
            "min": 1.0680816173553467,
            "max": 1.193528413772583,
            "count": 2
        },
        "MaintainFlow.Environment.EpisodeLength.mean": {
            "value": 5.206579764121663,
            "min": 5.206579764121663,
            "max": 5.540392156862745,
            "count": 2
        },
        "MaintainFlow.Policy.ExtrinsicValueEstimate.mean": {
            "value": 0.3072882294654846,
            "min": 0.3072882294654846,
            "max": 4.981693744659424,
            "count": 2
        },
        "MaintainFlow.Environment.CumulativeReward.mean": {
            "value": 0.2111692185548006,
            "min": 0.16216128322694007,
            "max": 0.2111692185548006,
            "count": 2
        },
        "MaintainFlow.Policy.ExtrinsicReward.mean": {
            "value": 0.2111692185548006,
            "min": 0.16216128322694007,
            "max": 0.2111692185548006,
            "count": 2
        },
        "MaintainFlow.Losses.PolicyLoss.mean": {
            "value": 0.022652584885557492,
            "min": 0.022652584885557492,
            "max": 0.02421728811847667,
            "count": 2
        },
        "MaintainFlow.Losses.ValueLoss.mean": {
            "value": 0.2459693999091784,
            "min": 0.2459693999091784,
            "max": 51.35779582063357,
            "count": 2
        },
        "MaintainFlow.Policy.LearningRate.mean": {
            "value": 0.0002568590543803199,
            "min": 0.0002568590543803199,
            "max": 0.00028460040513319997,
            "count": 2
        },
        "MaintainFlow.Policy.Epsilon.mean": {
            "value": 0.18561968,
            "min": 0.18561968,
            "max": 0.1948668,
            "count": 2
        },
        "MaintainFlow.Policy.Beta.mean": {
            "value": 0.004282422032000001,
            "min": 0.004282422032000001,
            "max": 0.004743853319999999,
            "count": 2
        },
        "MaintainFlow.IsTraining.mean": {
            "value": 1.0,
            "min": 1.0,
            "max": 1.0,
            "count": 2
        }
    },
    "metadata": {
        "timer_format_version": "0.1.0",
        "start_time_seconds": "1658141867",
        "python_version": "3.7.9 (tags/v3.7.9:13c94747c7, Aug 17 2020, 18:58:18) [MSC v.1900 64 bit (AMD64)]",
        "command_line_arguments": "D:\\University\\Masters\\GAM705\\Assignments\\Artefact repo\\GAM705_Artefact_Repo\\venv\\Scripts\\mlagents-learn --run-id=test45",
        "mlagents_version": "0.22.0",
        "mlagents_envs_version": "0.22.0",
        "communication_protocol_version": "1.2.0",
        "pytorch_version": "1.7.0+cu110",
        "numpy_version": "1.18.5",
        "end_time_seconds": "1658141982"
    },
    "total": 115.21781779999999,
    "count": 1,
    "self": 0.003124899999988884,
    "children": {
        "run_training.setup": {
            "total": 0.12064490000000028,
            "count": 1,
            "self": 0.12064490000000028
        },
        "TrainerController.start_learning": {
            "total": 115.094048,
            "count": 1,
            "self": 0.28815449999966347,
            "children": {
                "TrainerController._reset_env": {
                    "total": 9.815733199999999,
                    "count": 1,
                    "self": 9.815733199999999
                },
                "TrainerController.advance": {
                    "total": 104.81488650000034,
                    "count": 12827,
                    "self": 0.15268730000063613,
                    "children": {
                        "env_step": {
                            "total": 104.6621991999997,
                            "count": 12827,
                            "self": 70.2058846999981,
                            "children": {
                                "SubprocessEnvManager._take_step": {
                                    "total": 34.30941470000108,
                                    "count": 12827,
                                    "self": 0.5339750000009431,
                                    "children": {
                                        "TorchPolicy.evaluate": {
                                            "total": 33.775439700000135,
                                            "count": 9884,
                                            "self": 7.935556100000252,
                                            "children": {
                                                "TorchPolicy.sample_actions": {
                                                    "total": 25.839883599999883,
                                                    "count": 9884,
                                                    "self": 25.839883599999883
                                                }
                                            }
                                        }
                                    }
                                },
                                "workers": {
                                    "total": 0.14689980000053637,
                                    "count": 12826,
                                    "self": 0.0,
                                    "children": {
                                        "worker_root": {
                                            "total": 106.2460246000004,
                                            "count": 12826,
                                            "is_parallel": true,
                                            "self": 56.609091400000466,
                                            "children": {
                                                "steps_from_proto": {
                                                    "total": 0.0004695999999988487,
                                                    "count": 1,
                                                    "is_parallel": true,
                                                    "self": 0.00019020000000047332,
                                                    "children": {
                                                        "_process_vector_observation": {
                                                            "total": 0.0002793999999983754,
                                                            "count": 2,
                                                            "is_parallel": true,
                                                            "self": 0.0002793999999983754
                                                        }
                                                    }
                                                },
                                                "UnityEnvironment.step": {
                                                    "total": 49.636463599999935,
                                                    "count": 12826,
                                                    "is_parallel": true,
                                                    "self": 1.2150628000004247,
                                                    "children": {
                                                        "UnityEnvironment._generate_step_input": {
                                                            "total": 1.2394806999988273,
                                                            "count": 12826,
                                                            "is_parallel": true,
                                                            "self": 1.2394806999988273
                                                        },
                                                        "communicator.exchange": {
                                                            "total": 43.832972300000556,
                                                            "count": 12826,